[
    {
        "name": "Gale Reef",
        "image": "reef1.jpg",
        "description": "<p>GALE REEF Sed et augue lorem. In sit amet placerat arcu. Mauris volutpat ipsum ac justo mollis vel vestibulum orci gravida. Vestibulum sit amet porttitor odio. Nulla facilisi. Fusce at pretium felis.</p>"
    }, {
        "name": "Dawson's Reef",
        "image": "reef2.jpg",
        "description": "<p>DAWSON’S REEF Integer magna leo, posuere et dignissim vitae, porttitor at odio. Pellentesque a metus nec magna placerat volutpat. Nunc nisi mi, elementum sit amet aliquet quis, tristique quis nisl. Curabitur odio lacus, blandit ut hendrerit vulputate, vulputate at est. Morbi aliquet viverra metus eu consectetur. In lorem dui, elementum sit amet convallis ac, tincidunt vel sapien.</p>"
    }, {
        "name": "Claire's Reef",
        "image": "reef3.jpg,",
        "description": "<p>CLAIRE’S REEF Sed et augue lorem. In sit amet placerat arcu. Mauris volutpat ipsum ac justo mollis vel vestibulum orci gravida. Vestibulum sit amet porttitor odio. Nulla facilisi. Fusce at pretium felis.</p>"
    }
]

